Distance,DistanceTag,MeanCorrelation
0.5,D0.5pi,0.0856414828346485
1,D1pi,0.163098900079397
2,D2pi,0.24817607636408
2.5,D2.5pi,0.263387092474126
3,D3pi,0.26889758539072
3.5,D3.5pi,0.265825366317288
4,D4pi,0.258307255984205
5,D5pi,0.238290928610784
6,D6pi,0.217355633107246
8,D8pi,0.174385766580109
10,D10pi,0.140103080926223
12,D12pi,0.11503925364779
14,D14pi,0.0950228064894498
