Distance,MeanCorrelation
2,0.219039253267551
2.22,0.236639830057936
2.44,0.252948447334598
2.67,0.266520279159215
2.89,0.279741708406486
3.11,0.291378389421153
3.33,0.301682933646031
3.56,0.30868158760517
3.78,0.315968775948537
4,0.32214756931396
