Distance,MeanCorrelation
1,0.128561166723313
1.29,0.162487434241733
1.57,0.192016670796482
1.86,0.217464422943811
2.14,0.239873790039234
2.43,0.257893910837741
2.71,0.273733217604852
3,0.287538078184426
3.29,0.298708658883244
3.57,0.309441052769102
3.86,0.317208151471012
4.14,0.324579355363004
4.43,0.330236349280269
4.71,0.335671672135964
5,0.339111746670712
