Distance,DistanceTag,MeanCorrelation
1,D1.00pi,0.128561166723313
1.29,D1.29pi,0.162487434241733
1.57,D1.57pi,0.192016670796482
1.86,D1.86pi,0.217464422943811
2.14,D2.14pi,0.239873790039234
2.43,D2.43pi,0.257893910837741
2.71,D2.71pi,0.273733217604852
3,D3.00pi,0.287538078184426
3.29,D3.29pi,0.298708658883244
3.57,D3.57pi,0.309441052769102
3.86,D3.86pi,0.317208151471012
4.14,D4.14pi,0.324579355363004
4.43,D4.43pi,0.330236349280269
4.71,D4.71pi,0.335671672135964
5,D5.00pi,0.339111746670712
