Distance,MeanCorrelation
0.5,0.085641482834649
1,0.163098900079397
2.5,0.263387092474126
2,0.24817607636408
3.5,0.265825366317288
3,0.26889758539072
4,0.258307255984205
5,0.238290928610784
6,0.217355633107246
8,0.174385766580109
10,0.140103080926223
12,0.11503925364779
14,0.09502280648945
